datasets,f1-score,precise,recall,auc,effort,mcc
activemq,0.0,0.5,0.0,0.0,0.0,0.4166666666666667
camel,0.21052631578947367,0.5588235294117647,1.0,0.11764705882352941,0.315657814638537,0.35294117647058826
derby,0.27272727272727276,0.5809018567639258,0.3333333333333333,0.23076923076923078,0.19014190310330606,0.7692307692307693
geronimo,0.0,0.5,0.0,0.0,0.0,0.5
